变量名称*,数据类型*,变量地址名称*,变量地址值*,传输方式*,读写方式*,单位,描述,分组*,精度,显示类型,显示格式,组码顺序,字符串长度,字符串编码,字符串大小端,,,,id
1号流量计温度,浮点数,4x,806,变化上传,只读,℃,,默认分组,保留2位小数,无(原始数据),,0-1234,,,,,,,
1号流量计瞬时流速,浮点数,4x,802,变化上传,只读,m3/h,,默认分组,保留2位小数,无(原始数据),,0-1234,,,,,,,
1号流量计累计流量,浮点数,4x,800,变化上传,只读,m3,,默认分组,保留2位小数,无(原始数据),,0-1234,,,,,,,
1号流量计压力,浮点数,4x,804,变化上传,只读,Mpa,,默认分组,保留2位小数,无(原始数据),,0-1234,,,,,,,
2号流量计压力,浮点数,4x,1204,变化上传,只读,Mpa,,默认分组,保留2位小数,无(原始数据),,0-1234,,,,,,,
2号流量计温度,浮点数,4x,1206,变化上传,只读,℃,,默认分组,保留2位小数,无(原始数据),,0-1234,,,,,,,
2号流量计累计流量,浮点数,4x,1200,变化上传,只读,m3,,默认分组,保留2位小数,无(原始数据),,0-1234,,,,,,,
2号流量计瞬时流速,浮点数,4x,1202,变化上传,只读,m3/h,,默认分组,保留2位小数,无(原始数据),,0-1234,,,,,,,
电表累计耗电量,浮点数,4x,810,变化上传,只读,kWh,,默认分组,保留2位小数,无(原始数据),,0-1234,,,,,,,
有功功率,浮点数,4x,812,变化上传,只读,Kw,,默认分组,保留2位小数,无(原始数据),,0-1234,,,,,,,
A相电压,浮点数,4x,814,变化上传,只读,V,,默认分组,保留2位小数,无(原始数据),,0-1234,,,,,,,
B相电压,浮点数,4x,816,变化上传,只读,V,,默认分组,保留2位小数,无(原始数据),,0-1234,,,,,,,
C相电压,浮点数,4x,818,变化上传,只读,V,,默认分组,保留2位小数,无(原始数据),,0-1234,,,,,,,
A相电流,浮点数,4x,820,变化上传,只读,A,,默认分组,保留2位小数,无(原始数据),,0-1234,,,,,,,
B相电流,浮点数,4x,822,变化上传,只读,A,,默认分组,保留2位小数,无(原始数据),,0-1234,,,,,,,
C相电流,浮点数,4x,824,变化上传,只读,A,,默认分组,保留2位小数,无(原始数据),,0-1234,,,,,,,
露点仪湿度,浮点数,4x,830,变化上传,只读,%,,默认分组,保留2位小数,无(原始数据),,2-3412,,,,,,,
露点仪温度,浮点数,4x,832,变化上传,只读,℃,,默认分组,保留2位小数,无(原始数据),,2-3412,,,,,,,
母管压力,16位无符号整数,4x,840,变化上传,只读,Mpa,,默认分组,,无(原始数据),,0-12,,,,,,,
1号空压机运行状态,16位无符号整数,4x,850,变化上传,只读,,,默认分组,,无(原始数据),,,,,,,,,
1号空压机排气温度,16位无符号整数,4x,851,变化上传,只读,℃,,默认分组,,无(原始数据),,0-12,,,,,,,
1号空压机排气压力,16位无符号整数,4x,852,变化上传,只读,Mpa,,默认分组,,无(原始数据),,0-12,,,,,,,
1号空压机运行电流,16位无符号整数,4x,853,变化上传,只读,A,,默认分组,,无(原始数据),,0-12,,,,,,,
1号空压机运行频率,16位无符号整数,4x,854,变化上传,只读,Hz,,默认分组,,无(原始数据),,0-12,,,,,,,
1号空压机累计运行时间,16位无符号整数,4x,855,变化上传,只读,H,,默认分组,,无(原始数据),,0-12,,,,,,,
1号空压机累计加载时间,16位无符号整数,4x,856,变化上传,只读,H,,默认分组,,无(原始数据),,0-12,,,,,,,
1号空压机空滤运行时间,16位无符号整数,4x,857,变化上传,只读,H,,默认分组,,无(原始数据),,0-12,,,,,,,
1号空压机油滤运行时间,16位无符号整数,4x,858,变化上传,只读,H,,默认分组,,无(原始数据),,0-12,,,,,,,
1号空压机油分芯运行时间,16位无符号整数,4x,859,变化上传,只读,H,,默认分组,,无(原始数据),,0-12,,,,,,,
1号空压机润滑脂运行时间,16位无符号整数,4x,860,变化上传,只读,H,,默认分组,,无(原始数据),,0-12,,,,,,,
1号空压机润滑油运行时间,16位无符号整数,4x,861,变化上传,只读,H,,默认分组,,无(原始数据),,0-12,,,,,,,
1号空压机排气过温,BOOL,0x,100,变化上传,只读,,,默认分组,,无(原始数据),,,,,,,,,
1号空压机供气过压力,BOOL,0x,101,变化上传,只读,,,默认分组,,无(原始数据),,,,,,,,,
1号压力传感器断线,BOOL,0x,102,变化上传,只读,,,默认分组,,无(原始数据),,,,,,,,,
1号温度传感器断线,BOOL,0x,103,变化上传,只读,,,默认分组,,无(原始数据),,,,,,,,,
1号外部紧急停机,BOOL,0x,104,变化上传,只读,,,默认分组,,无(原始数据),,,,,,,,,
1号空滤堵塞,BOOL,0x,105,变化上传,只读,,,默认分组,,无(原始数据),,,,,,,,,
1号油滤堵塞,BOOL,0x,106,变化上传,只读,,,默认分组,,无(原始数据),,,,,,,,,
1号油气分离器堵塞,BOOL,0x,107,变化上传,只读,,,默认分组,,无(原始数据),,,,,,,,,
1号油精分堵塞,BOOL,0x,108,变化上传,只读,,,默认分组,,无(原始数据),,,,,,,,,
1号保养提醒时间到,BOOL,0x,109,变化上传,只读,,,默认分组,,无(原始数据),,,,,,,,,
1号主电机过电流,BOOL,0x,110,变化上传,只读,,,默认分组,,无(原始数据),,,,,,,,,
1号主电机电流缺相,BOOL,0x,111,变化上传,只读,,,默认分组,,无(原始数据),,,,,,,,,
1号主变频器通讯故障,BOOL,0x,112,变化上传,只读,,,默认分组,,无(原始数据),,,,,,,,,
1号风机过电流,BOOL,0x,113,变化上传,只读,,,默认分组,,无(原始数据),,,,,,,,,
1号风机缺相]风机缺相,BOOL,0x,114,变化上传,只读,,,默认分组,,无(原始数据),,,,,,,,,
1号主机变频器故障,BOOL,0x,115,变化上传,只读,,,默认分组,,无(原始数据),,,,,,,,,
1号风机变频器故障,BOOL,0x,116,变化上传,只读,,,默认分组,,无(原始数据),,,,,,,,,
1号空压机启动（联控取消有效）,BOOL,0x,300,变化上传,读写,,,默认分组,,无(原始数据),,,,,,,,,
1号空压机停机（联控取消有效）,BOOL,0x,301,变化上传,读写,,,默认分组,,无(原始数据),,,,,,,,,
1号空压机目标压力,16位无符号整数,4x,720,变化上传,读写,MPa,,默认分组,,无(原始数据),,0-12,,,,,,,
1号空压机加载压力,16位无符号整数,4x,721,变化上传,读写,MPa,,默认分组,,无(原始数据),,0-12,,,,,,,
1号空压机卸载压力,16位无符号整数,4x,722,变化上传,读写,MPa,,默认分组,,无(原始数据),,0-12,,,,,,,
1号空压机目标温度,16位无符号整数,4x,723,变化上传,读写,℃,,默认分组,,无(原始数据),,0-12,,,,,,,
1号空压机启扇温度,16位无符号整数,4x,724,变化上传,读写,℃,,默认分组,,无(原始数据),,0-12,,,,,,,
1号空压机停扇温度,16位无符号整数,4x,725,变化上传,读写,℃,,默认分组,,无(原始数据),,0-12,,,,,,,
1号空压机上限频率,16位无符号整数,4x,726,变化上传,读写,Hz,,默认分组,,无(原始数据),,0-12,,,,,,,
1号空压机下限频率,16位无符号整数,4x,727,变化上传,读写,Hz,,默认分组,,无(原始数据),,0-12,,,,,,,
1号空压机机型,BOOL,0x,1100,变化上传,读写,,,默认分组,,无(原始数据),,,,,,,,,
1号机上限负载率%,16位无符号整数,4x,1010,变化上传,读写,%,,默认分组,,无(原始数据),,0-12,,,,,,,
1号机下限负载率%,16位无符号整数,4x,1020,变化上传,读写,%,,默认分组,,无(原始数据),,0-12,,,,,,,
1号机联控开关,BOOL,0x,1001,变化上传,读写,,,默认分组,,无(原始数据),,,,,,,,,
2号空压机运行状态,16位无符号整数,4x,870,变化上传,只读,,,默认分组,,无(原始数据),,,,,,,,,
2号空压机排气温度,16位无符号整数,4x,871,变化上传,只读,℃,,默认分组,,无(原始数据),,0-12,,,,,,,
2号空压机排气压力,16位无符号整数,4x,872,变化上传,只读,Mpa,,默认分组,,无(原始数据),,0-12,,,,,,,
2号空压机运行电流,16位无符号整数,4x,873,变化上传,只读,A,,默认分组,,无(原始数据),,0-12,,,,,,,
2号空压机运行频率,16位无符号整数,4x,874,变化上传,只读,Hz,,默认分组,,无(原始数据),,0-12,,,,,,,
2号空压机累计运行时间,16位无符号整数,4x,875,变化上传,只读,H,,默认分组,,无(原始数据),,0-12,,,,,,,
2号空压机累计加载时间,16位无符号整数,4x,876,变化上传,只读,H,,默认分组,,无(原始数据),,0-12,,,,,,,
2号空压机空滤运行时间,16位无符号整数,4x,877,变化上传,只读,H,,默认分组,,无(原始数据),,0-12,,,,,,,
2号空压机油滤运行时间,16位无符号整数,4x,878,变化上传,只读,H,,默认分组,,无(原始数据),,0-12,,,,,,,
2号空压机油分芯运行时间,16位无符号整数,4x,879,变化上传,只读,H,,默认分组,,无(原始数据),,0-12,,,,,,,
2号空压机润滑脂运行时间,16位无符号整数,4x,880,变化上传,只读,H,,默认分组,,无(原始数据),,0-12,,,,,,,
2号空压机润滑油运行时间,16位无符号整数,4x,881,变化上传,只读,H,,默认分组,,无(原始数据),,0-12,,,,,,,
2号空压机排气过温,BOOL,0x,120,变化上传,只读,,,默认分组,,无(原始数据),,,,,,,,,
2号空压机供气过压力,BOOL,0x,121,变化上传,只读,,,默认分组,,无(原始数据),,,,,,,,,
2号压力传感器断线,BOOL,0x,122,变化上传,只读,,,默认分组,,无(原始数据),,,,,,,,,
2号温度传感器断线,BOOL,0x,123,变化上传,只读,,,默认分组,,无(原始数据),,,,,,,,,
2号外部紧急停机,BOOL,0x,124,变化上传,只读,,,默认分组,,无(原始数据),,,,,,,,,
2号空滤堵塞,BOOL,0x,125,变化上传,只读,,,默认分组,,无(原始数据),,,,,,,,,
2号油滤堵塞,BOOL,0x,126,变化上传,只读,,,默认分组,,无(原始数据),,,,,,,,,
2号油气分离器堵塞,BOOL,0x,127,变化上传,只读,,,默认分组,,无(原始数据),,,,,,,,,
2号油精分堵塞,BOOL,0x,128,变化上传,只读,,,默认分组,,无(原始数据),,,,,,,,,
2号保养提醒时间到,BOOL,0x,129,变化上传,只读,,,默认分组,,无(原始数据),,,,,,,,,
2号主电机过电流,BOOL,0x,130,变化上传,只读,,,默认分组,,无(原始数据),,,,,,,,,
2号主电机电流缺相,BOOL,0x,131,变化上传,只读,,,默认分组,,无(原始数据),,,,,,,,,
2号主变频器通讯故障,BOOL,0x,132,变化上传,只读,,,默认分组,,无(原始数据),,,,,,,,,
2号风机过电流,BOOL,0x,133,变化上传,只读,,,默认分组,,无(原始数据),,,,,,,,,
2号风机缺相]风机缺相,BOOL,0x,134,变化上传,只读,,,默认分组,,无(原始数据),,,,,,,,,
2号主机变频器故障,BOOL,0x,135,变化上传,只读,,,默认分组,,无(原始数据),,,,,,,,,
2号风机变频器故障,BOOL,0x,136,变化上传,只读,,,默认分组,,无(原始数据),,,,,,,,,
2号空压机启动（联控取消有效）,BOOL,0x,310,变化上传,读写,,,默认分组,,无(原始数据),,,,,,,,,
2号空压机停机（联控取消有效）,BOOL,0x,311,变化上传,读写,,,默认分组,,无(原始数据),,,,,,,,,
2号空压机目标压力,16位无符号整数,4x,730,变化上传,读写,MPa,,默认分组,,无(原始数据),,0-12,,,,,,,
2号空压机加载压力,16位无符号整数,4x,731,变化上传,读写,MPa,,默认分组,,无(原始数据),,0-12,,,,,,,
2号空压机卸载压力,16位无符号整数,4x,732,变化上传,读写,MPa,,默认分组,,无(原始数据),,0-12,,,,,,,
2号空压机目标温度,16位无符号整数,4x,733,变化上传,读写,℃,,默认分组,,无(原始数据),,0-12,,,,,,,
2号空压机启扇温度,16位无符号整数,4x,734,变化上传,读写,℃,,默认分组,,无(原始数据),,0-12,,,,,,,
2号空压机停扇温度,16位无符号整数,4x,735,变化上传,读写,℃,,默认分组,,无(原始数据),,0-12,,,,,,,
2号空压机上限频率,16位无符号整数,4x,736,变化上传,读写,Hz,,默认分组,,无(原始数据),,0-12,,,,,,,
2号空压机下限频率,16位无符号整数,4x,737,变化上传,读写,Hz,,默认分组,,无(原始数据),,0-12,,,,,,,
2号空压机机型,BOOL,0x,1101,变化上传,读写,,,默认分组,,无(原始数据),,,,,,,,,
2号机上限负载率%,16位无符号整数,4x,1011,变化上传,读写,%,,默认分组,,无(原始数据),,0-12,,,,,,,
2号机下限负载率%,16位无符号整数,4x,1021,变化上传,读写,%,,默认分组,,无(原始数据),,0-12,,,,,,,
2号机联控开关,BOOL,0x,1002,变化上传,读写,,,默认分组,,无(原始数据),,,,,,,,,
3号空压机运行状态,16位无符号整数,4x,890,变化上传,只读,,,默认分组,,无(原始数据),,,,,,,,,
3号空压机排气压力,16位无符号整数,4x,892,变化上传,只读,Mpa,,默认分组,,无(原始数据),,0-12,,,,,,,
3号空压机运行电流,16位无符号整数,4x,893,变化上传,只读,A,,默认分组,,无(原始数据),,0-12,,,,,,,
3号空压机运行频率,16位无符号整数,4x,894,变化上传,只读,Hz,,默认分组,,无(原始数据),,0-12,,,,,,,
3号空压机累计运行时间,16位无符号整数,4x,895,变化上传,只读,H,,默认分组,,无(原始数据),,0-12,,,,,,,
3号空压机累计加载时间,16位无符号整数,4x,896,变化上传,只读,H,,默认分组,,无(原始数据),,0-12,,,,,,,
3号空压机空滤运行时间,16位无符号整数,4x,897,变化上传,只读,H,,默认分组,,无(原始数据),,0-12,,,,,,,
3号空压机油滤运行时间,16位无符号整数,4x,898,变化上传,只读,H,,默认分组,,无(原始数据),,0-12,,,,,,,
3号空压机油分芯运行时间,16位无符号整数,4x,899,变化上传,只读,H,,默认分组,,无(原始数据),,0-12,,,,,,,
3号空压机润滑脂运行时间,16位无符号整数,4x,900,变化上传,只读,H,,默认分组,,无(原始数据),,0-12,,,,,,,
3号空压机润滑油运行时间,16位无符号整数,4x,901,变化上传,只读,H,,默认分组,,无(原始数据),,0-12,,,,,,,
3号空压机排气过温,BOOL,0x,140,变化上传,只读,,,默认分组,,无(原始数据),,,,,,,,,
3号空压机供气过压力,BOOL,0x,141,变化上传,只读,,,默认分组,,无(原始数据),,,,,,,,,
3号压力传感器断线,BOOL,0x,142,变化上传,只读,,,默认分组,,无(原始数据),,,,,,,,,
3号温度传感器断线,BOOL,0x,143,变化上传,只读,,,默认分组,,无(原始数据),,,,,,,,,
3号外部紧急停机,BOOL,0x,144,变化上传,只读,,,默认分组,,无(原始数据),,,,,,,,,
3号空滤堵塞,BOOL,0x,145,变化上传,只读,,,默认分组,,无(原始数据),,,,,,,,,
3号油滤堵塞,BOOL,0x,146,变化上传,只读,,,默认分组,,无(原始数据),,,,,,,,,
3号油气分离器堵塞,BOOL,0x,147,变化上传,只读,,,默认分组,,无(原始数据),,,,,,,,,
3号油精分堵塞,BOOL,0x,148,变化上传,只读,,,默认分组,,无(原始数据),,,,,,,,,
3号保养提醒时间到,BOOL,0x,149,变化上传,只读,,,默认分组,,无(原始数据),,,,,,,,,
3号主电机过电流,BOOL,0x,150,变化上传,只读,,,默认分组,,无(原始数据),,,,,,,,,
3号主电机电流缺相,BOOL,0x,151,变化上传,只读,,,默认分组,,无(原始数据),,,,,,,,,
3号主变频器通讯故障,BOOL,0x,152,变化上传,只读,,,默认分组,,无(原始数据),,,,,,,,,
3号风机过电流,BOOL,0x,153,变化上传,只读,,,默认分组,,无(原始数据),,,,,,,,,
3号风机缺相]风机缺相,BOOL,0x,154,变化上传,只读,,,默认分组,,无(原始数据),,,,,,,,,
3号主机变频器故障,BOOL,0x,155,变化上传,只读,,,默认分组,,无(原始数据),,,,,,,,,
3号风机变频器故障,BOOL,0x,156,变化上传,只读,,,默认分组,,无(原始数据),,,,,,,,,
3号空压机启动（联控取消有效）,BOOL,0x,320,变化上传,读写,,,默认分组,,无(原始数据),,,,,,,,,
3号空压机停机（联控取消有效）,BOOL,0x,321,变化上传,读写,,,默认分组,,无(原始数据),,,,,,,,,
3号空压机目标压力,16位无符号整数,4x,740,变化上传,读写,MPa,,默认分组,,无(原始数据),,0-12,,,,,,,
3号空压机加载压力,16位无符号整数,4x,741,变化上传,读写,MPa,,默认分组,,无(原始数据),,0-12,,,,,,,
3号空压机卸载压力,16位无符号整数,4x,742,变化上传,读写,MPa,,默认分组,,无(原始数据),,0-12,,,,,,,
3号空压机目标温度,16位无符号整数,4x,743,变化上传,读写,℃,,默认分组,,无(原始数据),,0-12,,,,,,,
3号空压机启扇温度,16位无符号整数,4x,744,变化上传,读写,℃,,默认分组,,无(原始数据),,0-12,,,,,,,
3号空压机停扇温度,16位无符号整数,4x,745,变化上传,读写,℃,,默认分组,,无(原始数据),,0-12,,,,,,,
3号空压机上限频率,16位无符号整数,4x,746,变化上传,读写,Hz,,默认分组,,无(原始数据),,0-12,,,,,,,
3号空压机下限频率,16位无符号整数,4x,747,变化上传,读写,Hz,,默认分组,,无(原始数据),,0-12,,,,,,,
3号空压机机型,BOOL,0x,1102,变化上传,读写,,,默认分组,,无(原始数据),,,,,,,,,
3号机上限负载率%,16位无符号整数,4x,1012,变化上传,读写,%,,默认分组,,无(原始数据),,0-12,,,,,,,
3号机下限负载率%,16位无符号整数,4x,1022,变化上传,读写,%,,默认分组,,无(原始数据),,0-12,,,,,,,
3号机联控开关,BOOL,0x,1003,变化上传,读写,,,默认分组,,无(原始数据),,,,,,,,,
4号空压机运行状态,16位无符号整数,4x,910,变化上传,只读,,,默认分组,,无(原始数据),,,,,,,,,
4号空压机排气温度,16位无符号整数,4x,911,变化上传,只读,℃,,默认分组,,无(原始数据),,0-12,,,,,,,
4号空压机排气压力,16位无符号整数,4x,912,变化上传,只读,Mpa,,默认分组,,无(原始数据),,0-12,,,,,,,
4号空压机运行电流,16位无符号整数,4x,913,变化上传,只读,A,,默认分组,,无(原始数据),,0-12,,,,,,,
4号空压机运行频率,16位无符号整数,4x,914,变化上传,只读,Hz,,默认分组,,无(原始数据),,0-12,,,,,,,
4号空压机累计运行时间,16位无符号整数,4x,915,变化上传,只读,H,,默认分组,,无(原始数据),,0-12,,,,,,,
4号空压机累计加载时间,16位无符号整数,4x,916,变化上传,只读,H,,默认分组,,无(原始数据),,0-12,,,,,,,
4号空压机空滤运行时间,16位无符号整数,4x,917,变化上传,只读,H,,默认分组,,无(原始数据),,0-12,,,,,,,
4号空压机油滤运行时间,16位无符号整数,4x,918,变化上传,只读,H,,默认分组,,无(原始数据),,0-12,,,,,,,
4号空压机油分芯运行时间,16位无符号整数,4x,919,变化上传,只读,H,,默认分组,,无(原始数据),,0-12,,,,,,,
4号空压机润滑脂运行时间,16位无符号整数,4x,920,变化上传,只读,H,,默认分组,,无(原始数据),,0-12,,,,,,,
4号空压机润滑油运行时间,16位无符号整数,4x,921,变化上传,只读,H,,默认分组,,无(原始数据),,0-12,,,,,,,
4号空压机排气过温,BOOL,0x,160,变化上传,只读,,,默认分组,,无(原始数据),,,,,,,,,
4号空压机供气过压力,BOOL,0x,161,变化上传,只读,,,默认分组,,无(原始数据),,,,,,,,,
4号压力传感器断线,BOOL,0x,162,变化上传,只读,,,默认分组,,无(原始数据),,,,,,,,,
4号温度传感器断线,BOOL,0x,163,变化上传,只读,,,默认分组,,无(原始数据),,,,,,,,,
4号外部紧急停机,BOOL,0x,164,变化上传,只读,,,默认分组,,无(原始数据),,,,,,,,,
4号空滤堵塞,BOOL,0x,165,变化上传,只读,,,默认分组,,无(原始数据),,,,,,,,,
4号油滤堵塞,BOOL,0x,166,变化上传,只读,,,默认分组,,无(原始数据),,,,,,,,,
4号油气分离器堵塞,BOOL,0x,167,变化上传,只读,,,默认分组,,无(原始数据),,,,,,,,,
4号油精分堵塞,BOOL,0x,168,变化上传,只读,,,默认分组,,无(原始数据),,,,,,,,,
4号保养提醒时间到,BOOL,0x,169,变化上传,只读,,,默认分组,,无(原始数据),,,,,,,,,
4号主电机过电流,BOOL,0x,170,变化上传,只读,,,默认分组,,无(原始数据),,,,,,,,,
4号主电机电流缺相,BOOL,0x,171,变化上传,只读,,,默认分组,,无(原始数据),,,,,,,,,
4号主变频器通讯故障,BOOL,0x,172,变化上传,只读,,,默认分组,,无(原始数据),,,,,,,,,
4号风机过电流,BOOL,0x,173,变化上传,只读,,,默认分组,,无(原始数据),,,,,,,,,
4号风机缺相]风机缺相,BOOL,0x,174,变化上传,只读,,,默认分组,,无(原始数据),,,,,,,,,
4号主机变频器故障,BOOL,0x,175,变化上传,只读,,,默认分组,,无(原始数据),,,,,,,,,
4号风机变频器故障,BOOL,0x,176,变化上传,只读,,,默认分组,,无(原始数据),,,,,,,,,
4号空压机启动（联控取消有效）,BOOL,0x,340,变化上传,读写,,,默认分组,,无(原始数据),,,,,,,,,
4号空压机停机（联控取消有效）,BOOL,0x,341,变化上传,读写,,,默认分组,,无(原始数据),,,,,,,,,
4号空压机目标压力,16位无符号整数,4x,750,变化上传,读写,MPa,,默认分组,,无(原始数据),,0-12,,,,,,,
4号空压机加载压力,16位无符号整数,4x,751,变化上传,读写,MPa,,默认分组,,无(原始数据),,0-12,,,,,,,
4号空压机卸载压力,16位无符号整数,4x,752,变化上传,读写,MPa,,默认分组,,无(原始数据),,0-12,,,,,,,
4号空压机目标温度,16位无符号整数,4x,753,变化上传,读写,℃,,默认分组,,无(原始数据),,0-12,,,,,,,
4号空压机启扇温度,16位无符号整数,4x,754,变化上传,读写,℃,,默认分组,,无(原始数据),,0-12,,,,,,,
4号空压机停扇温度,16位无符号整数,4x,755,变化上传,读写,℃,,默认分组,,无(原始数据),,0-12,,,,,,,
4号空压机上限频率,16位无符号整数,4x,756,变化上传,读写,Hz,,默认分组,,无(原始数据),,0-12,,,,,,,
4号空压机下限频率,16位无符号整数,4x,757,变化上传,读写,Hz,,默认分组,,无(原始数据),,0-12,,,,,,,
4号空压机机型,BOOL,0x,1103,变化上传,读写,,,默认分组,,无(原始数据),,,,,,,,,
4号机上限负载率%,16位无符号整数,4x,1013,变化上传,读写,%,,默认分组,,无(原始数据),,0-12,,,,,,,
4号机下限负载率%,16位无符号整数,4x,1023,变化上传,读写,%,,默认分组,,无(原始数据),,0-12,,,,,,,
4号机联控开关,BOOL,0x,1004,变化上传,读写,,,默认分组,,无(原始数据),,,,,,,,,
5号空压机运行状态,16位无符号整数,4x,930,变化上传,只读,,,默认分组,,无(原始数据),,,,,,,,,
5号空压机排气温度,16位无符号整数,4x,931,变化上传,只读,℃,,默认分组,,无(原始数据),,0-12,,,,,,,
5号空压机排气压力,16位无符号整数,4x,932,变化上传,只读,Mpa,,默认分组,,无(原始数据),,0-12,,,,,,,
5号空压机运行电流,16位无符号整数,4x,933,变化上传,只读,A,,默认分组,,无(原始数据),,0-12,,,,,,,
5号空压机运行频率,16位无符号整数,4x,934,变化上传,只读,Hz,,默认分组,,无(原始数据),,0-12,,,,,,,
5号空压机累计运行时间,16位无符号整数,4x,935,变化上传,只读,H,,默认分组,,无(原始数据),,0-12,,,,,,,
5号空压机累计加载时间,16位无符号整数,4x,936,变化上传,只读,H,,默认分组,,无(原始数据),,0-12,,,,,,,
5号空压机空滤运行时间,16位无符号整数,4x,937,变化上传,只读,H,,默认分组,,无(原始数据),,0-12,,,,,,,
5号空压机油滤运行时间,16位无符号整数,4x,938,变化上传,只读,H,,默认分组,,无(原始数据),,0-12,,,,,,,
5号空压机油分芯运行时间,16位无符号整数,4x,939,变化上传,只读,H,,默认分组,,无(原始数据),,0-12,,,,,,,
5号空压机润滑脂运行时间,16位无符号整数,4x,940,变化上传,只读,H,,默认分组,,无(原始数据),,0-12,,,,,,,
5号空压机润滑油运行时间,16位无符号整数,4x,941,变化上传,只读,H,,默认分组,,无(原始数据),,0-12,,,,,,,
5号空压机排气过温,BOOL,0x,180,变化上传,只读,,,默认分组,,无(原始数据),,,,,,,,,
5号空压机供气过压力,BOOL,0x,181,变化上传,只读,,,默认分组,,无(原始数据),,,,,,,,,
5号压力传感器断线,BOOL,0x,182,变化上传,只读,,,默认分组,,无(原始数据),,,,,,,,,
5号温度传感器断线,BOOL,0x,183,变化上传,只读,,,默认分组,,无(原始数据),,,,,,,,,
5号外部紧急停机,BOOL,0x,184,变化上传,只读,,,默认分组,,无(原始数据),,,,,,,,,
5号空滤堵塞,BOOL,0x,185,变化上传,只读,,,默认分组,,无(原始数据),,,,,,,,,
5号油滤堵塞,BOOL,0x,186,变化上传,只读,,,默认分组,,无(原始数据),,,,,,,,,
5号油气分离器堵塞,BOOL,0x,187,变化上传,只读,,,默认分组,,无(原始数据),,,,,,,,,
5号油精分堵塞,BOOL,0x,188,变化上传,只读,,,默认分组,,无(原始数据),,,,,,,,,
5号保养提醒时间到,BOOL,0x,189,变化上传,只读,,,默认分组,,无(原始数据),,,,,,,,,
5号主电机过电流,BOOL,0x,190,变化上传,只读,,,默认分组,,无(原始数据),,,,,,,,,
5号主电机电流缺相,BOOL,0x,191,变化上传,只读,,,默认分组,,无(原始数据),,,,,,,,,
5号主变频器通讯故障,BOOL,0x,192,变化上传,只读,,,默认分组,,无(原始数据),,,,,,,,,
5号风机过电流,BOOL,0x,193,变化上传,只读,,,默认分组,,无(原始数据),,,,,,,,,
5号风机缺相]风机缺相,BOOL,0x,194,变化上传,只读,,,默认分组,,无(原始数据),,,,,,,,,
5号主机变频器故障,BOOL,0x,195,变化上传,只读,,,默认分组,,无(原始数据),,,,,,,,,
5号风机变频器故障,BOOL,0x,196,变化上传,只读,,,默认分组,,无(原始数据),,,,,,,,,
5号空压机启动（联控取消有效）,BOOL,0x,350,变化上传,读写,,,默认分组,,无(原始数据),,,,,,,,,
5号空压机停机（联控取消有效）,BOOL,0x,351,变化上传,读写,,,默认分组,,无(原始数据),,,,,,,,,
5号空压机目标压力,16位无符号整数,4x,760,变化上传,读写,MPa,,默认分组,,无(原始数据),,0-12,,,,,,,
5号空压机加载压力,16位无符号整数,4x,761,变化上传,读写,MPa,,默认分组,,无(原始数据),,0-12,,,,,,,
5号空压机卸载压力,16位无符号整数,4x,762,变化上传,读写,MPa,,默认分组,,无(原始数据),,0-12,,,,,,,
5号空压机目标温度,16位无符号整数,4x,763,变化上传,读写,℃,,默认分组,,无(原始数据),,0-12,,,,,,,
5号空压机启扇温度,16位无符号整数,4x,764,变化上传,读写,℃,,默认分组,,无(原始数据),,0-12,,,,,,,
5号空压机停扇温度,16位无符号整数,4x,765,变化上传,读写,℃,,默认分组,,无(原始数据),,0-12,,,,,,,
5号空压机上限频率,16位无符号整数,4x,766,变化上传,读写,Hz,,默认分组,,无(原始数据),,0-12,,,,,,,
5号空压机下限频率,16位无符号整数,4x,767,变化上传,读写,Hz,,默认分组,,无(原始数据),,0-12,,,,,,,
5号空压机机型,BOOL,0x,1104,变化上传,读写,,,默认分组,,无(原始数据),,,,,,,,,
5号机上限负载率%,16位无符号整数,4x,1014,变化上传,读写,%,,默认分组,,无(原始数据),,0-12,,,,,,,
5号机下限负载率%,16位无符号整数,4x,1024,变化上传,读写,%,,默认分组,,无(原始数据),,0-12,,,,,,,
5号机联控开关,BOOL,0x,1005,变化上传,读写,,,默认分组,,无(原始数据),,,,,,,,,
6号空压机运行状态,16位无符号整数,4x,950,变化上传,只读,,,默认分组,,无(原始数据),,,,,,,,,
6号空压机排气温度,16位无符号整数,4x,951,变化上传,只读,℃,,默认分组,,无(原始数据),,0-12,,,,,,,
6号空压机排气压力,16位无符号整数,4x,952,变化上传,只读,Mpa,,默认分组,,无(原始数据),,0-12,,,,,,,
6号空压机运行电流,16位无符号整数,4x,953,变化上传,只读,A,,默认分组,,无(原始数据),,0-12,,,,,,,
6号空压机运行频率,16位无符号整数,4x,954,变化上传,只读,Hz,,默认分组,,无(原始数据),,0-12,,,,,,,
6号空压机累计运行时间,16位无符号整数,4x,955,变化上传,只读,H,,默认分组,,无(原始数据),,0-12,,,,,,,
6号空压机累计加载时间,16位无符号整数,4x,956,变化上传,只读,H,,默认分组,,无(原始数据),,0-12,,,,,,,
6号空压机空滤运行时间,16位无符号整数,4x,957,变化上传,只读,H,,默认分组,,无(原始数据),,0-12,,,,,,,
6号空压机油滤运行时间,16位无符号整数,4x,958,变化上传,只读,H,,默认分组,,无(原始数据),,0-12,,,,,,,
6号空压机油分芯运行时间,16位无符号整数,4x,959,变化上传,只读,H,,默认分组,,无(原始数据),,0-12,,,,,,,
6号空压机润滑脂运行时间,16位无符号整数,4x,960,变化上传,只读,H,,默认分组,,无(原始数据),,0-12,,,,,,,
6号空压机润滑油运行时间,16位无符号整数,4x,961,变化上传,只读,H,,默认分组,,无(原始数据),,0-12,,,,,,,
6号空压机排气过温,BOOL,0x,200,变化上传,只读,,,默认分组,,无(原始数据),,,,,,,,,
6号空压机供气过压力,BOOL,0x,201,变化上传,只读,,,默认分组,,无(原始数据),,,,,,,,,
6号压力传感器断线,BOOL,0x,202,变化上传,只读,,,默认分组,,无(原始数据),,,,,,,,,
6号温度传感器断线,BOOL,0x,203,变化上传,只读,,,默认分组,,无(原始数据),,,,,,,,,
6号外部紧急停机,BOOL,0x,204,变化上传,只读,,,默认分组,,无(原始数据),,,,,,,,,
6号空滤堵塞,BOOL,0x,205,变化上传,只读,,,默认分组,,无(原始数据),,,,,,,,,
6号油滤堵塞,BOOL,0x,206,变化上传,只读,,,默认分组,,无(原始数据),,,,,,,,,
6号油气分离器堵塞,BOOL,0x,207,变化上传,只读,,,默认分组,,无(原始数据),,,,,,,,,
6号油精分堵塞,BOOL,0x,208,变化上传,只读,,,默认分组,,无(原始数据),,,,,,,,,
6号保养提醒时间到,BOOL,0x,209,变化上传,只读,,,默认分组,,无(原始数据),,,,,,,,,
6号主电机过电流,BOOL,0x,210,变化上传,只读,,,默认分组,,无(原始数据),,,,,,,,,
6号主电机电流缺相,BOOL,0x,211,变化上传,只读,,,默认分组,,无(原始数据),,,,,,,,,
6号主变频器通讯故障,BOOL,0x,212,变化上传,只读,,,默认分组,,无(原始数据),,,,,,,,,
6号风机过电流,BOOL,0x,213,变化上传,只读,,,默认分组,,无(原始数据),,,,,,,,,
6号风机缺相]风机缺相,BOOL,0x,214,变化上传,只读,,,默认分组,,无(原始数据),,,,,,,,,
6号主机变频器故障,BOOL,0x,215,变化上传,只读,,,默认分组,,无(原始数据),,,,,,,,,
6号风机变频器故障,BOOL,0x,216,变化上传,只读,,,默认分组,,无(原始数据),,,,,,,,,
6号空压机启动（联控取消有效）,BOOL,0x,360,变化上传,读写,,,默认分组,,无(原始数据),,,,,,,,,
6号空压机停机（联控取消有效）,BOOL,0x,361,变化上传,读写,,,默认分组,,无(原始数据),,,,,,,,,
6号空压机目标压力,16位无符号整数,4x,770,变化上传,读写,MPa,,默认分组,,无(原始数据),,0-12,,,,,,,
6号空压机加载压力,16位无符号整数,4x,771,变化上传,读写,MPa,,默认分组,,无(原始数据),,0-12,,,,,,,
6号空压机卸载压力,16位无符号整数,4x,772,变化上传,读写,MPa,,默认分组,,无(原始数据),,0-12,,,,,,,
6号空压机目标温度,16位无符号整数,4x,773,变化上传,读写,℃,,默认分组,,无(原始数据),,0-12,,,,,,,
6号空压机启扇温度,16位无符号整数,4x,774,变化上传,读写,℃,,默认分组,,无(原始数据),,0-12,,,,,,,
6号空压机停扇温度,16位无符号整数,4x,775,变化上传,读写,℃,,默认分组,,无(原始数据),,0-12,,,,,,,
6号空压机上限频率,16位无符号整数,4x,776,变化上传,读写,Hz,,默认分组,,无(原始数据),,0-12,,,,,,,
6号空压机下限频率,16位无符号整数,4x,777,变化上传,读写,Hz,,默认分组,,无(原始数据),,0-12,,,,,,,
6号空压机机型,BOOL,0x,1105,变化上传,读写,,,默认分组,,无(原始数据),,,,,,,,,
6号机上限负载率%,16位无符号整数,4x,1015,变化上传,读写,%,,默认分组,,无(原始数据),,0-12,,,,,,,
6号机下限负载率%,16位无符号整数,4x,1025,变化上传,读写,%,,默认分组,,无(原始数据),,0-12,,,,,,,
6号机联控开关,BOOL,0x,1006,变化上传,读写,,,默认分组,,无(原始数据),,,,,,,,,
7号空压机运行状态,16位无符号整数,4x,970,变化上传,只读,,,默认分组,,无(原始数据),,,,,,,,,
7号空压机排气温度,16位无符号整数,4x,971,变化上传,只读,℃,,默认分组,,无(原始数据),,0-12,,,,,,,
7号空压机排气压力,16位无符号整数,4x,972,变化上传,只读,Mpa,,默认分组,,无(原始数据),,0-12,,,,,,,
7号空压机运行电流,16位无符号整数,4x,973,变化上传,只读,A,,默认分组,,无(原始数据),,0-12,,,,,,,
7号空压机运行频率,16位无符号整数,4x,974,变化上传,只读,Hz,,默认分组,,无(原始数据),,0-12,,,,,,,
7号空压机累计运行时间,16位无符号整数,4x,975,变化上传,只读,H,,默认分组,,无(原始数据),,0-12,,,,,,,
7号空压机累计加载时间,16位无符号整数,4x,976,变化上传,只读,H,,默认分组,,无(原始数据),,0-12,,,,,,,
7号空压机空滤运行时间,16位无符号整数,4x,977,变化上传,只读,H,,默认分组,,无(原始数据),,0-12,,,,,,,
7号空压机油滤运行时间,16位无符号整数,4x,978,变化上传,只读,H,,默认分组,,无(原始数据),,0-12,,,,,,,
7号空压机油分芯运行时间,16位无符号整数,4x,979,变化上传,只读,H,,默认分组,,无(原始数据),,0-12,,,,,,,
7号空压机润滑脂运行时间,16位无符号整数,4x,980,变化上传,只读,H,,默认分组,,无(原始数据),,0-12,,,,,,,
7号空压机润滑油运行时间,16位无符号整数,4x,981,变化上传,只读,H,,默认分组,,无(原始数据),,0-12,,,,,,,
7号空压机排气过温,BOOL,0x,220,变化上传,只读,,,默认分组,,无(原始数据),,,,,,,,,
7号空压机供气过压力,BOOL,0x,221,变化上传,只读,,,默认分组,,无(原始数据),,,,,,,,,
7号压力传感器断线,BOOL,0x,222,变化上传,只读,,,默认分组,,无(原始数据),,,,,,,,,
7号温度传感器断线,BOOL,0x,223,变化上传,只读,,,默认分组,,无(原始数据),,,,,,,,,
7号外部紧急停机,BOOL,0x,224,变化上传,只读,,,默认分组,,无(原始数据),,,,,,,,,
7号空滤堵塞,BOOL,0x,225,变化上传,只读,,,默认分组,,无(原始数据),,,,,,,,,
7号油滤堵塞,BOOL,0x,226,变化上传,只读,,,默认分组,,无(原始数据),,,,,,,,,
7号油气分离器堵塞,BOOL,0x,227,变化上传,只读,,,默认分组,,无(原始数据),,,,,,,,,
7号油精分堵塞,BOOL,0x,228,变化上传,只读,,,默认分组,,无(原始数据),,,,,,,,,
7号保养提醒时间到,BOOL,0x,229,变化上传,只读,,,默认分组,,无(原始数据),,,,,,,,,
7号主电机过电流,BOOL,0x,230,变化上传,只读,,,默认分组,,无(原始数据),,,,,,,,,
7号主电机电流缺相,BOOL,0x,231,变化上传,只读,,,默认分组,,无(原始数据),,,,,,,,,
7号主变频器通讯故障,BOOL,0x,232,变化上传,只读,,,默认分组,,无(原始数据),,,,,,,,,
7号风机过电流,BOOL,0x,233,变化上传,只读,,,默认分组,,无(原始数据),,,,,,,,,
7号风机缺相]风机缺相,BOOL,0x,234,变化上传,只读,,,默认分组,,无(原始数据),,,,,,,,,
7号主机变频器故障,BOOL,0x,235,变化上传,只读,,,默认分组,,无(原始数据),,,,,,,,,
7号风机变频器故障,BOOL,0x,236,变化上传,只读,,,默认分组,,无(原始数据),,,,,,,,,
7号空压机启动（联控取消有效）,BOOL,0x,370,变化上传,读写,,,默认分组,,无(原始数据),,,,,,,,,
7号空压机停机（联控取消有效）,BOOL,0x,371,变化上传,读写,,,默认分组,,无(原始数据),,,,,,,,,
7号空压机目标压力,16位无符号整数,4x,780,变化上传,读写,MPa,,默认分组,,无(原始数据),,0-12,,,,,,,
7号空压机加载压力,16位无符号整数,4x,781,变化上传,读写,MPa,,默认分组,,无(原始数据),,0-12,,,,,,,
7号空压机卸载压力,16位无符号整数,4x,782,变化上传,读写,MPa,,默认分组,,无(原始数据),,0-12,,,,,,,
7号空压机目标温度,16位无符号整数,4x,783,变化上传,读写,℃,,默认分组,,无(原始数据),,0-12,,,,,,,
7号空压机启扇温度,16位无符号整数,4x,784,变化上传,读写,℃,,默认分组,,无(原始数据),,0-12,,,,,,,
7号空压机停扇温度,16位无符号整数,4x,785,变化上传,读写,℃,,默认分组,,无(原始数据),,0-12,,,,,,,
7号空压机上限频率,16位无符号整数,4x,786,变化上传,读写,Hz,,默认分组,,无(原始数据),,0-12,,,,,,,
7号空压机下限频率,16位无符号整数,4x,787,变化上传,读写,Hz,,默认分组,,无(原始数据),,0-12,,,,,,,
7号空压机机型,BOOL,0x,1106,变化上传,读写,,,默认分组,,无(原始数据),,,,,,,,,
7号机上限负载率%,16位无符号整数,4x,1016,变化上传,读写,%,,默认分组,,无(原始数据),,0-12,,,,,,,
7号机下限负载率%,16位无符号整数,4x,1026,变化上传,读写,%,,默认分组,,无(原始数据),,0-12,,,,,,,
7号机联控开关,BOOL,0x,1007,变化上传,读写,,,默认分组,,无(原始数据),,,,,,,,,
8号空压机运行状态,16位无符号整数,4x,985,变化上传,只读,,,默认分组,,无(原始数据),,,,,,,,,
8号空压机排气温度,16位无符号整数,4x,986,变化上传,只读,℃,,默认分组,,无(原始数据),,0-12,,,,,,,
8号空压机排气压力,16位无符号整数,4x,987,变化上传,只读,Mpa,,默认分组,,无(原始数据),,0-12,,,,,,,
8号空压机运行电流,16位无符号整数,4x,988,变化上传,只读,A,,默认分组,,无(原始数据),,0-12,,,,,,,
8号空压机运行频率,16位无符号整数,4x,989,变化上传,只读,Hz,,默认分组,,无(原始数据),,0-12,,,,,,,
8号空压机累计运行时间,16位无符号整数,4x,990,变化上传,只读,H,,默认分组,,无(原始数据),,0-12,,,,,,,
8号空压机累计加载时间,16位无符号整数,4x,991,变化上传,只读,H,,默认分组,,无(原始数据),,0-12,,,,,,,
8号空压机空滤运行时间,16位无符号整数,4x,992,变化上传,只读,H,,默认分组,,无(原始数据),,0-12,,,,,,,
8号空压机油滤运行时间,16位无符号整数,4x,993,变化上传,只读,H,,默认分组,,无(原始数据),,0-12,,,,,,,
8号空压机油分芯运行时间,16位无符号整数,4x,994,变化上传,只读,H,,默认分组,,无(原始数据),,0-12,,,,,,,
8号空压机润滑脂运行时间,16位无符号整数,4x,995,变化上传,只读,H,,默认分组,,无(原始数据),,0-12,,,,,,,
8号空压机润滑油运行时间,16位无符号整数,4x,996,变化上传,只读,H,,默认分组,,无(原始数据),,0-12,,,,,,,
8号空压机排气过温,BOOL,0x,240,变化上传,只读,,,默认分组,,无(原始数据),,,,,,,,,
8号空压机供气过压力,BOOL,0x,241,变化上传,只读,,,默认分组,,无(原始数据),,,,,,,,,
8号压力传感器断线,BOOL,0x,242,变化上传,只读,,,默认分组,,无(原始数据),,,,,,,,,
8号温度传感器断线,BOOL,0x,243,变化上传,只读,,,默认分组,,无(原始数据),,,,,,,,,
8号外部紧急停机,BOOL,0x,244,变化上传,只读,,,默认分组,,无(原始数据),,,,,,,,,
8号空滤堵塞,BOOL,0x,245,变化上传,只读,,,默认分组,,无(原始数据),,,,,,,,,
8号油滤堵塞,BOOL,0x,246,变化上传,只读,,,默认分组,,无(原始数据),,,,,,,,,
8号油气分离器堵塞,BOOL,0x,247,变化上传,只读,,,默认分组,,无(原始数据),,,,,,,,,
8号油精分堵塞,BOOL,0x,248,变化上传,只读,,,默认分组,,无(原始数据),,,,,,,,,
8号保养提醒时间到,BOOL,0x,249,变化上传,只读,,,默认分组,,无(原始数据),,,,,,,,,
8号主电机过电流,BOOL,0x,250,变化上传,只读,,,默认分组,,无(原始数据),,,,,,,,,
8号主电机电流缺相,BOOL,0x,251,变化上传,只读,,,默认分组,,无(原始数据),,,,,,,,,
8号主变频器通讯故障,BOOL,0x,252,变化上传,只读,,,默认分组,,无(原始数据),,,,,,,,,
8号风机过电流,BOOL,0x,253,变化上传,只读,,,默认分组,,无(原始数据),,,,,,,,,
8号风机缺相]风机缺相,BOOL,0x,254,变化上传,只读,,,默认分组,,无(原始数据),,,,,,,,,
8号主机变频器故障,BOOL,0x,255,变化上传,只读,,,默认分组,,无(原始数据),,,,,,,,,
8号风机变频器故障,BOOL,0x,256,变化上传,只读,,,默认分组,,无(原始数据),,,,,,,,,
8号空压机启动（联控取消有效）,BOOL,0x,380,变化上传,读写,,,默认分组,,无(原始数据),,,,,,,,,
8号空压机停机（联控取消有效）,BOOL,0x,381,变化上传,读写,,,默认分组,,无(原始数据),,,,,,,,,
8号空压机目标压力,16位无符号整数,4x,790,变化上传,读写,MPa,,默认分组,,无(原始数据),,,,,,,,,
8号空压机加载压力,16位无符号整数,4x,791,变化上传,读写,MPa,,默认分组,,无(原始数据),,,,,,,,,
8号空压机卸载压力,16位无符号整数,4x,792,变化上传,读写,MPa,,默认分组,,无(原始数据),,,,,,,,,
8号空压机目标温度,16位无符号整数,4x,793,变化上传,读写,℃,,默认分组,,无(原始数据),,,,,,,,,
8号空压机启扇温度,16位无符号整数,4x,794,变化上传,读写,℃,,默认分组,,无(原始数据),,,,,,,,,
8号空压机停扇温度,16位无符号整数,4x,795,变化上传,读写,℃,,默认分组,,无(原始数据),,,,,,,,,
8号空压机上限频率,16位无符号整数,4x,796,变化上传,读写,Hz,,默认分组,,无(原始数据),,,,,,,,,
8号空压机下限频率,16位无符号整数,4x,797,变化上传,读写,Hz,,默认分组,,无(原始数据),,,,,,,,,
8号机联控开关,BOOL,0x,1008,变化上传,读写,,,默认分组,,无(原始数据),,,,,,,,,
8号空压机机型,BOOL,0x,1107,变化上传,读写,,,默认分组,,无(原始数据),,,,,,,,,
8号机上限负载率%,16位无符号整数,4x,1017,变化上传,读写,%,,默认分组,,无(原始数据),,,,,,,,,
8号机下限负载率%,16位无符号整数,4x,1027,变化上传,读写,%,,默认分组,,无(原始数据),,,,,,,,,
1号冷干机运行状态,16位无符号整数,4x,700,变化上传,只读,,,默认分组,,无(原始数据),,,,,,,,,
2号冷干机运行状态,16位无符号整数,4x,701,变化上传,只读,,,默认分组,,无(原始数据),,,,,,,,,
3号冷干机运行状态,16位无符号整数,4x,702,变化上传,只读,,,默认分组,,无(原始数据),,,,,,,,,
4号冷干机运行状态,16位无符号整数,4x,703,变化上传,只读,,,默认分组,,无(原始数据),,,,,,,,,
5号冷干机运行状态,16位无符号整数,4x,704,变化上传,只读,,,默认分组,,无(原始数据),,,,,,,,,
6号冷干机运行状态,16位无符号整数,4x,705,变化上传,只读,,,默认分组,,无(原始数据),,,,,,,,,
7号冷干机运行状态,16位无符号整数,4x,706,变化上传,只读,,,默认分组,,无(原始数据),,,,,,,,,
8号冷干机运行状态,16位无符号整数,4x,707,变化上传,只读,,,默认分组,,无(原始数据),,,,,,,,,
1号吸干机运行状态,16位无符号整数,4x,710,变化上传,只读,,,默认分组,,无(原始数据),,,,,,,,,
2号吸干机运行状态,16位无符号整数,4x,711,变化上传,只读,,,默认分组,,无(原始数据),,,,,,,,,
3号吸干机运行状态,16位无符号整数,4x,712,变化上传,只读,,,默认分组,,无(原始数据),,,,,,,,,
4号吸干机运行状态,16位无符号整数,4x,713,变化上传,只读,,,默认分组,,无(原始数据),,,,,,,,,
5号吸干机运行状态,16位无符号整数,4x,714,变化上传,只读,,,默认分组,,无(原始数据),,,,,,,,,
6号吸干机运行状态,16位无符号整数,4x,715,变化上传,只读,,,默认分组,,无(原始数据),,,,,,,,,
7号吸干机运行状态,16位无符号整数,4x,716,变化上传,只读,,,默认分组,,无(原始数据),,,,,,,,,
8号吸干机运行状态,16位无符号整数,4x,717,变化上传,只读,,,默认分组,,无(原始数据),,,,,,,,,
3号空压机排气温度,16位无符号整数,4x,891,变化上传,读写,℃,,默认分组,,无(原始数据),,0-12,,,,,,,
联控开关,BOOL,0x,1000,变化上传,读写,,,默认分组,,无(原始数据),,,,,,,,,
母管目标压力,16位无符号整数,4x,1000,变化上传,读写,Mpa,,默认分组,,无(原始数据),,0-12,,,,,,,
母管目标压力上限,16位无符号整数,4x,1001,变化上传,读写,Mpa,,默认分组,,无(原始数据),,0-12,,,,,,,
母管目标压力下限,16位无符号整数,4x,1002,变化上传,读写,Mpa,,默认分组,,无(原始数据),,0-12,,,,,,,
加机判断时间,16位无符号整数,4x,1003,变化上传,读写,S,,默认分组,,无(原始数据),,0-12,,,,,,,
减机判断时间,16位无符号整数,4x,1004,变化上传,读写,S,,默认分组,,无(原始数据),,0-12,,,,,,,
压力策略,BOOL,0x,1110,变化上传,读写,,,默认分组,,无(原始数据),,,,,,,,,
压力策略上限压力开关,BOOL,0x,1111,变化上传,读写,,,默认分组,,无(原始数据),,,,,,,,,
压力策略下限压力开关,BOOL,0x,1112,变化上传,读写,,,默认分组,,无(原始数据),,,,,,,,,
轮换策略,BOOL,0x,1113,变化上传,读写,,,默认分组,,无(原始数据),,,,,,,,,
轮换时间,16位无符号整数,4x,1028,变化上传,读写,H,,默认分组,,无(原始数据),,0-12,,,,,,,
故障主备切换,BOOL,0x,1114,变化上传,读写,,,默认分组,,无(原始数据),,,,,,,,,
启停保护策略,BOOL,0x,1115,变化上传,读写,,,默认分组,,无(原始数据),,,,,,,,,
启停保护次数,16位无符号整数,4x,1029,变化上传,读写,次,,默认分组,,无(原始数据),,0-12,,,,,,,
周运行计划日期_周一,BOOL,0x,1120,变化上传,读写,,,默认分组,,无(原始数据),,,,,,,,,
周运行计划日期_周二,BOOL,0x,1121,变化上传,读写,,,默认分组,,无(原始数据),,,,,,,,,
周运行计划日期_周三,BOOL,0x,1122,变化上传,读写,,,默认分组,,无(原始数据),,,,,,,,,
周运行计划日期_周四,BOOL,0x,1123,变化上传,读写,,,默认分组,,无(原始数据),,,,,,,,,
周运行计划日期_周五,BOOL,0x,1124,变化上传,读写,,,默认分组,,无(原始数据),,,,,,,,,
周运行计划日期_周六,BOOL,0x,1125,变化上传,读写,,,默认分组,,无(原始数据),,,,,,,,,
周运行计划日期_周日,BOOL,0x,1126,变化上传,读写,,,默认分组,,无(原始数据),,,,,,,,,
运行开启时间_时,16位无符号整数,4x,1030,变化上传,读写,H,,默认分组,,无(原始数据),,0-12,,,,,,,
运行开启时间_分,16位无符号整数,4x,1031,变化上传,读写,Min,,默认分组,,无(原始数据),,0-12,,,,,,,
运行关闭时间_时,16位无符号整数,4x,1032,变化上传,读写,H,,默认分组,,无(原始数据),,0-12,,,,,,,
运行关闭时间_分,16位无符号整数,4x,1033,变化上传,读写,Min,,默认分组,,无(原始数据),,0-12,,,,,,,
